{
    "counter": {
        "ACTIVE": 19090,
        "INACTIVE": 1910,
        "INVALID": 0,
        "MALICIOUS": 0,
        "SANE": 0,
        "VALID": 0,
        "total": 21000
    },
    "percentage": {
        "ACTIVE": 90.9047619047619,
        "INACTIVE": 9.096970851590779,
        "INVALID": 0,
        "MALICIOUS": 0,
        "SANE": 0,
        "VALID": 0,
        "total": 100.00173275635268
    }
}