{
    "counter": {
        "ACTIVE": 19244,
        "INACTIVE": 1756,
        "INVALID": 0,
        "MALICIOUS": 0,
        "SANE": 0,
        "VALID": 0,
        "total": 21000
    },
    "percentage": {
        "ACTIVE": 91.63809523809523,
        "INACTIVE": 8.37227043005626,
        "INVALID": 0,
        "MALICIOUS": 0,
        "SANE": 0,
        "VALID": 0,
        "total": 100.0103656681515
    }
}