{
    "counter": {
        "ACTIVE": 19483,
        "INACTIVE": 1517,
        "INVALID": 0,
        "MALICIOUS": 0,
        "SANE": 0,
        "VALID": 0,
        "total": 21000
    },
    "percentage": {
        "ACTIVE": 92.77619047619048,
        "INACTIVE": 7.232764374940403,
        "INVALID": 0,
        "MALICIOUS": 0,
        "SANE": 0,
        "VALID": 0,
        "total": 100.00895485113088
    }
}