{
    "counter": {
        "ACTIVE": 19365,
        "INACTIVE": 1635,
        "INVALID": 0,
        "MALICIOUS": 0,
        "SANE": 0,
        "VALID": 0,
        "total": 21000
    },
    "percentage": {
        "ACTIVE": 92.22746106586655,
        "INACTIVE": 7.785714285714286,
        "INVALID": 0,
        "MALICIOUS": 0,
        "SANE": 0,
        "VALID": 0,
        "total": 100.01317535158084
    }
}