{
    "counter": {
        "ACTIVE": 16815,
        "INACTIVE": 4185,
        "INVALID": 0,
        "MALICIOUS": 0,
        "SANE": 0,
        "VALID": 0,
        "total": 21000
    },
    "percentage": {
        "ACTIVE": 80.07142857142857,
        "INACTIVE": 19.93236807010859,
        "INVALID": 0,
        "MALICIOUS": 0,
        "SANE": 0,
        "VALID": 0,
        "total": 100.00379664153716
    }
}