{
    "counter": {
        "ACTIVE": 17225,
        "INACTIVE": 3775,
        "INVALID": 0,
        "MALICIOUS": 0,
        "SANE": 0,
        "VALID": 0,
        "total": 21000
    },
    "percentage": {
        "ACTIVE": 82.02771560550502,
        "INACTIVE": 17.976190476190474,
        "INVALID": 0,
        "MALICIOUS": 0,
        "SANE": 0,
        "VALID": 0,
        "total": 100.0039060816955
    }
}