{
    "counter": {
        "ACTIVE": 17885,
        "INACTIVE": 3115,
        "INVALID": 0,
        "MALICIOUS": 0,
        "SANE": 0,
        "VALID": 0,
        "total": 21000
    },
    "percentage": {
        "ACTIVE": 85.16666666666667,
        "INACTIVE": 14.859514382483423,
        "INVALID": 0,
        "MALICIOUS": 0,
        "SANE": 0,
        "VALID": 0,
        "total": 100.0261810491501
    }
}