{
    "counter": {
        "ACTIVE": 18873,
        "INACTIVE": 2127,
        "INVALID": 0,
        "MALICIOUS": 0,
        "SANE": 0,
        "VALID": 0,
        "total": 21000
    },
    "percentage": {
        "ACTIVE": 89.87142857142857,
        "INACTIVE": 10.130501047818631,
        "INVALID": 0,
        "MALICIOUS": 0,
        "SANE": 0,
        "VALID": 0,
        "total": 100.00192961924719
    }
}